id,url,title,score,num_comments,author,created_utc
1lby55q,https://www.reddit.com/r/dataengineering/comments/1lby55q/processing_50_million_brazilian_companies_lessons/,Processing 50 Million Brazilian Companies: Lessons from Building an Open-Source Government Data Pipeline,108,11,caiopizzol,2025-06-15 11:29:19
1lbi0re,https://www.reddit.com/r/dataengineering/comments/1lbi0re/roast_my_project_i_created_a_data_pipeline_which/,Roast my project: I created a data pipeline which matches all the rock climbing locations in England with hourly 7 day weather forecast. This is the backend,39,15,godz_ares,2025-06-14 20:16:52
1lc1ke2,https://www.reddit.com/r/dataengineering/comments/1lc1ke2/tired_of_spark_overhead_built_a_polars_catalog_on/,Tired of Spark overhead; built a Polars catalog on Delta Lake.,32,11,Mission-Balance-4250,2025-06-15 14:25:24
1lbrhw6,https://www.reddit.com/r/dataengineering/comments/1lbrhw6/free_tier_isnt_enough_how_can_i_learn_azure_data/,Free tier isn’t enough — how can I learn Azure Data Factory more effectively?,25,5,Thinh127,2025-06-15 04:14:45
1lbrlb0,https://www.reddit.com/r/dataengineering/comments/1lbrlb0/structuring_a_dbt_project_for_fact_and_dimension/,Structuring a dbt project for fact and dimension tables?,19,16,seph2o,2025-06-15 04:20:13
1lc2270,https://www.reddit.com/r/dataengineering/comments/1lc2270/ive_built_my_etl_pipeline_should_i_focus_on/,"I've built my ETL Pipeline, should I focus on optimising my pipeline or should I focus on building an endpoint for my data?",16,4,godz_ares,2025-06-15 14:47:27
1lbvlrb,https://www.reddit.com/r/dataengineering/comments/1lbvlrb/how_will_cloudfare_remove_its_gcp_dependency/,How will Cloudfare remove its GCP dependency?,12,6,ScienceInformal3001,2025-06-15 08:40:31
1lbybox,https://www.reddit.com/r/dataengineering/comments/1lbybox/trying_to_extract_structured_info_from_2k_logs/,Trying to extract structured info from 2k+ logs (free text) - NLP or regex?,7,8,airgonawt,2025-06-15 11:40:29
1lbvhtk,https://www.reddit.com/r/dataengineering/comments/1lbvhtk/kafka_and_airflow/,Kafka and Airflow,5,5,Hot_While_6471,2025-06-15 08:33:12
1lc08vf,https://www.reddit.com/r/dataengineering/comments/1lc08vf/seeking_feedback_on_user_id_unification_with/,Seeking Feedback on User ID Unification with Spark/GraphX and Delta Lake,6,4,Majestic-Method-5549,2025-06-15 13:24:09
1lc6c73,https://www.reddit.com/r/dataengineering/comments/1lc6c73/data_engineer_in_hft/,Data engineer in HFT,3,0,Stock_Wallaby9748,2025-06-15 17:47:27
1lbt9pr,https://www.reddit.com/r/dataengineering/comments/1lbt9pr/durable_functions_or_synapsedatabricks_for_delta/,Durable Functions or Synapse/Databricks for Delta Lake validation and writeback?,3,0,throwme-ariver,2025-06-15 06:03:54
1lbkgv0,https://www.reddit.com/r/dataengineering/comments/1lbkgv0/best_way_to_implement_data_quality_testing_with/,best way to implement data quality testing with clickhouse?,3,2,smalltomatos222,2025-06-14 22:07:24
1lc11fa,https://www.reddit.com/r/dataengineering/comments/1lc11fa/has_anyone_implemented_autosegmentation_for/,Has anyone implemented auto-segmentation for unstructured text?,2,2,rizomr,2025-06-15 14:01:26
1lbhdqy,https://www.reddit.com/r/dataengineering/comments/1lbhdqy/library_in_the_bay_area_to_borrow_data/,Library in the Bay area to borrow Data Engineering books,2,5,First-Share-7012,2025-06-14 19:48:53
1lbuv0p,https://www.reddit.com/r/dataengineering/comments/1lbuv0p/pagerank_simillarsalternatives_and_search_engines/,"PageRank, simillars/alternatives and Search Engines",0,1,Eumatio,2025-06-15 07:50:10
1lbi4fh,https://www.reddit.com/r/dataengineering/comments/1lbi4fh/i_need_help_with_data_analysis/,I need help with data analysis,0,7,Gold-Factor8127,2025-06-14 20:21:27
1lc2us0,https://www.reddit.com/r/dataengineering/comments/1lc2us0/new_to_data_sciencedata_analysis_which_enterprise/,New to Data Science/Data Analysis— Which Enterprise Tool Should I Learn First?,0,3,waathafuck,2025-06-15 15:21:46
1lbunhz,https://www.reddit.com/r/dataengineering/comments/1lbunhz/what_should_i_do_please_help/,What Should I do ? Please help !!,0,6,FickleAd1062,2025-06-15 07:36:21
1lc234x,https://www.reddit.com/r/dataengineering/comments/1lc234x/built_a_binarystructured_database_that_writes_and/,Built a binary-structured database that writes and reads 1M records in 3s using <1.1GB RAM,0,23,Ok-Kaleidoscope-246,2025-06-15 14:48:38
